City,Country,Date,Max Temp,Humidity,Cloudiness,Wind Speed,Lat,Lng
Upernavik,GL,1587491938,-0.25,90,100,2.95,72.79,-56.15
Rikitea,PF,1587491938,25.39,72,22,3.48,-23.12,-134.97
Pangnirtung,CA,1587491938,-11.0,85,90,2.6,66.15,-65.71
Ponta do Sol,PT,1587491938,17.22,59,40,3.6,32.67,-17.1
Tromsø,NO,1587491939,4.0,64,67,3.6,69.65,18.96
Vaini,TO,1587491939,25.0,83,40,2.6,-21.2,-175.2
East London,ZA,1587491825,20.29,86,100,4.79,-33.02,27.91
Laas,IT,1587491939,9.0,70,75,3.1,46.62,10.7
Jamestown,US,1587491939,2.22,72,75,7.7,42.1,-79.24
Salamiyah,SY,1587491939,21.59,33,100,2.38,35.01,37.05
Arraial do Cabo,BR,1587491939,28.0,65,20,5.1,-22.97,-42.03
Bira,RU,1587491939,-1.98,91,100,2.1,49.0,132.47
Chokurdakh,RU,1587491939,-5.14,98,100,1.26,70.63,147.92
Chui,UY,1587491940,21.7,70,2,4.65,-33.7,-53.46
Mataura,NZ,1587491940,10.0,91,67,0.45,-46.19,168.86
Bengkulu,ID,1587491940,25.81,82,99,1.9,-3.8,102.27
Galle,LK,1587491671,27.77,81,100,2.78,6.04,80.22
Port Alfred,ZA,1587491940,17.78,93,100,0.89,-33.59,26.89
Ambon City,ID,1587491940,28.35,76,36,2.55,-3.7,128.18
Muros,ES,1587491940,15.56,71,42,3.13,42.78,-9.06
Clyde River,CA,1587491940,-14.0,77,40,4.1,70.47,-68.59
Severo-Kuril'sk,RU,1587491941,-0.01,95,100,13.03,50.68,156.12
Bilma,NE,1587491941,33.93,9,12,2.93,18.69,12.92
Henties Bay,NA,1587491941,18.89,79,22,0.45,-22.12,14.28
Hobart,AU,1587491694,14.0,50,75,7.7,-42.88,147.33
Quatre Cocos,MU,1587491941,24.44,83,20,5.7,-20.21,57.76
Aklavik,CA,1587491941,-12.0,66,40,7.7,68.22,-135.01
Barrow,US,1587491941,-12.0,92,90,4.6,71.29,-156.79
Busselton,AU,1587491941,17.78,78,71,6.92,-33.65,115.33
Cam Ranh,VN,1587491942,28.0,88,20,0.5,11.92,109.16
Nikolskoye,RU,1587491942,8.89,61,100,2.0,59.7,30.79
Redcliffe,AU,1587491942,20.56,82,96,1.7,-27.23,153.1
Torbay,CA,1587491942,0.56,99,90,8.7,47.67,-52.73
Sabzawār,IR,1587491668,18.67,41,100,1.5,36.21,57.68
Palmer,US,1587491942,10.56,76,90,8.2,42.16,-72.33
Ushuaia,AR,1587491688,7.0,70,40,15.9,-54.8,-68.3
Hilo,US,1587491658,22.78,64,90,1.5,19.73,-155.09
Atuona,PF,1587491943,27.71,67,10,5.78,-9.8,-139.03
Ostrovnoy,RU,1587491943,-1.97,91,91,7.26,68.05,39.51
Gushikawa,JP,1587491943,18.0,93,90,4.1,26.35,127.87
Kununurra,AU,1587491943,24.0,88,1,1.0,-15.77,128.73
Naze,JP,1587491943,18.0,59,90,8.2,28.37,129.48
Canutama,BR,1587491943,30.07,75,54,1.47,-6.53,-64.38
Khatanga,RU,1587491944,-0.46,98,100,3.42,71.97,102.5
Albany,US,1587491944,8.33,80,90,8.2,42.6,-73.97
Salalah,OM,1587491944,29.0,74,48,1.5,17.02,54.09
Jianning,CN,1587491944,14.0,93,90,3.0,27.83,113.15
Aksarka,RU,1587491944,0.82,96,99,4.2,66.56,67.8
Bluff,NZ,1587491944,10.0,91,82,0.45,-46.6,168.33
Mar del Plata,AR,1587491700,16.0,59,75,5.1,-38.0,-57.56
Nizhniy Odes,RU,1587491944,-0.65,94,93,1.53,63.64,54.86
Hermanus,ZA,1587491945,12.78,90,1,1.61,-34.42,19.23
Faanui,PF,1587491945,27.24,79,100,7.57,-16.48,-151.75
Constitución,CL,1587491945,21.28,32,92,3.65,-35.33,-72.42
Mahébourg,MU,1587491945,24.0,83,20,5.7,-20.41,57.7
Kapaa,US,1587491945,22.0,94,75,2.1,22.08,-159.32
Krasnosel'kup,RU,1587491945,1.14,98,100,1.87,65.7,82.47
Comodoro Rivadavia,AR,1587491945,16.0,51,0,1.5,-45.87,-67.5
Punta Arenas,CL,1587491945,10.0,57,73,12.52,-53.15,-70.92
Souillac,MU,1587491946,24.0,83,20,5.7,-20.52,57.52
Guerrero Negro,MX,1587491946,19.2,62,88,9.23,27.98,-114.06
Port Elizabeth,ZA,1587491718,18.0,82,84,4.6,-33.92,25.57
Tasiilaq,GL,1587491946,1.0,86,75,11.8,65.61,-37.64
New Norfolk,AU,1587491831,12.78,69,82,4.92,-42.78,147.06
Castro,BR,1587491946,23.02,33,0,2.19,-24.79,-50.01
Kholm,RU,1587491946,3.43,84,93,2.84,59.27,32.85
Province of Mantua,IT,1587491946,16.0,70,100,2.6,45.17,10.78
Smidovich,RU,1587491947,-2.65,94,100,7.99,48.6,133.82
Raudeberg,NO,1587491947,12.22,53,1,0.96,61.99,5.14
Avarua,CK,1587491947,25.0,83,0,3.1,-21.21,-159.78
Solnechnyy,RU,1587491947,-6.0,92,100,8.64,50.72,136.63
Nālūt,LY,1587491947,22.81,17,0,3.0,30.33,10.85
Skellefteå,SE,1587491947,8.0,87,4,2.6,64.75,20.95
Palana,RU,1587491947,-13.74,93,59,1.64,59.12,159.97
Sakakah,SA,1587491947,27.0,28,61,4.6,29.97,40.21
Arman',RU,1587491947,-10.1,88,27,2.54,59.7,150.17
Mount Gambier,AU,1587491948,12.0,93,90,3.1,-37.83,140.77
Coyhaique,CL,1587491948,11.0,57,66,1.0,-45.58,-72.07
Alamogordo,US,1587491721,24.0,14,1,4.1,32.9,-105.96
Gayny,RU,1587491948,2.28,86,100,2.11,60.31,54.32
Yumen,CN,1587491948,7.97,21,63,4.39,40.28,97.2
Vao,NC,1587491948,24.2,83,10,7.32,-22.67,167.48
Yueyang,CN,1587491948,13.15,86,100,3.23,29.33,113.09
Qaanaaq,GL,1587491949,-2.7,92,100,4.77,77.48,-69.36
Kavieng,PG,1587491949,28.56,73,90,2.02,-2.57,150.8
Walvis Bay,NA,1587491949,27.0,44,35,5.1,-22.96,14.51
Cockburn Town,TC,1587491949,26.67,78,0,5.0,21.46,-71.14
Puerto Ayora,EC,1587491949,29.0,70,20,6.2,-0.74,-90.35
Kaitangata,NZ,1587491949,9.44,83,72,2.42,-46.28,169.85
Amapá,BR,1587491949,23.85,91,100,1.43,1.0,-52.0
Tawang Town,IN,1587491949,7.02,33,100,0.33,27.58,91.87
Pangody,RU,1587491949,0.9,96,100,5.77,65.85,74.49
Andijan,UZ,1587491950,13.0,71,20,2.0,40.78,72.34
Airai,TL,1587491950,15.64,70,10,1.44,-8.93,125.41
Fortuna,US,1587491950,14.44,71,90,3.1,40.6,-124.16
Nome,US,1587491950,-6.67,79,1,1.5,64.5,-165.41
Ribeira Grande,PT,1587491950,18.0,63,20,6.7,38.52,-28.7
Sitka,US,1587491950,7.0,81,90,2.6,57.05,-135.33
Atambua,ID,1587491950,23.37,81,10,2.15,-9.11,124.89
Prince Rupert,CA,1587491950,9.0,78,90,5.7,54.32,-130.32
Nagato,JP,1587491951,12.0,25,40,12.9,34.38,131.2
Dikson,RU,1587491951,-0.89,98,100,7.75,73.51,80.55
Necochea,AR,1587491951,16.67,62,83,1.34,-38.55,-58.74
Marbella,ES,1587491951,18.0,77,40,1.5,36.52,-4.89
Belyy Yar,RU,1587491951,4.0,51,57,1.0,53.6,91.39
Saint Paul Harbor,US,1587491951,6.0,87,90,3.1,57.79,-152.41
Staryy Nadym,RU,1587491951,1.19,94,100,5.14,65.61,72.68
Maceió,BR,1587491791,29.0,66,75,4.1,-9.67,-35.74
Butaritari,KI,1587491951,27.84,77,99,5.24,3.07,172.79
Örnsköldsvik,SE,1587491952,9.0,83,1,4.6,63.29,18.72
Norman Wells,CA,1587491952,-5.0,85,90,7.7,65.28,-126.83
Departamento de Maldonado,UY,1587491952,20.0,64,40,7.2,-34.67,-54.92
Antalya Province,TR,1587491952,17.0,88,20,0.5,36.77,30.72
Bagnolo Mella,IT,1587491952,16.11,58,40,2.1,45.43,10.18
Adrar,MR,1587491952,30.51,11,0,4.2,20.5,-10.07
Phalodi,IN,1587491831,30.4,21,4,3.15,27.13,72.37
Saskylakh,RU,1587491952,-4.53,97,100,2.26,71.92,114.08
Vylkove,UA,1587491953,7.97,58,28,1.52,45.4,29.59
Kumano,JP,1587491953,13.0,37,75,3.6,34.34,132.59
Carnarvon,AU,1587491953,23.0,73,90,2.6,-24.87,113.63
Nuuk,GL,1587491953,3.0,59,75,5.7,64.18,-51.72
Mkushi,ZM,1587491953,16.17,56,62,2.35,-13.62,29.39
Oodweyne,SO,1587491953,23.03,55,98,4.41,9.41,45.06
Serenje,ZM,1587491953,15.24,56,38,1.58,-13.23,30.24
Tual,ID,1587491954,28.57,77,20,4.17,-5.67,132.75
Hong Kong,HK,1587491954,26.11,83,40,3.1,22.29,114.16
Bambous Virieux,MU,1587491954,24.44,83,20,5.7,-20.34,57.76
Porto Velho,BR,1587491954,29.0,74,75,3.1,-8.76,-63.9
Şırnak,TR,1587491954,20.0,60,75,2.6,37.52,42.46
San Patricio,MX,1587491954,24.0,78,40,4.1,19.22,-104.7
Kousséri,CM,1587491954,40.0,9,95,3.6,12.08,15.03
Alice Springs,AU,1587491787,19.0,34,53,3.85,-23.7,133.88
Furano,JP,1587491955,-0.84,81,34,4.93,43.28,142.47
São Filipe,CV,1587491955,23.99,70,0,6.78,14.9,-24.5
Mitsamiouli,KM,1587491955,28.09,73,26,4.08,-11.38,43.28
Marawi,PH,1587491955,25.56,88,3,2.24,8.0,124.29
Bonavista,CA,1587491955,-0.63,98,100,7.68,48.65,-53.11
Līsakovsk,KZ,1587491955,16.11,49,61,6.22,52.54,62.49
Fare,PF,1587491955,27.49,79,100,7.36,-16.7,-151.02
Tiksi,RU,1587491955,-8.27,95,98,1.26,71.69,128.87
Kamen'-na-Obi,RU,1587491956,13.28,51,100,2.09,53.79,81.34
Hualmay,PE,1587491956,24.44,61,31,4.11,-11.1,-77.61
Cape Town,ZA,1587491670,17.22,59,0,4.6,-33.93,18.42
Maragogi,BR,1587491956,27.88,77,41,4.38,-9.01,-35.22
Boffa,GN,1587491956,29.63,50,32,4.94,10.17,-14.03
Abbeville,FR,1587491956,19.44,40,5,5.26,50.1,1.83
Hambantota,LK,1587491956,28.34,81,99,3.71,6.12,81.12
Cherskiy,RU,1587491957,-12.03,95,99,3.2,68.75,161.3
General Pico,AR,1587491957,21.73,29,84,5.44,-35.66,-63.76
Yellowknife,CA,1587491923,-6.0,57,90,1.5,62.46,-114.35
Mongo,TD,1587491957,32.21,10,49,2.57,12.18,18.69
Saurimo,AO,1587491957,19.64,67,33,1.55,-9.66,20.39
Borogontsy,RU,1587491957,-9.19,94,44,0.86,62.67,131.17
Pisco,PE,1587491694,23.0,64,0,3.1,-13.7,-76.22
Port Moresby,PG,1587491958,24.0,100,40,1.5,-9.44,147.18
Anadyr,RU,1587491958,-20.0,83,7,2.0,64.75,177.48
Richmond,US,1587491270,22.78,37,75,10.8,37.55,-77.46
Rocha,UY,1587491958,19.9,72,14,4.86,-34.48,-54.33
Okhotsk,RU,1587491958,-7.59,88,94,0.86,59.38,143.3
Nanortalik,GL,1587491958,4.21,72,92,3.45,60.14,-45.24
Victorville,US,1587491746,17.22,54,13,2.24,34.54,-117.29
Kolvereid,NO,1587491958,13.0,70,1,6.2,64.87,11.6
Cayenne,GF,1587491958,28.0,78,90,5.1,4.93,-52.33
Dromolaxia,CY,1587491959,18.89,77,20,1.5,34.88,33.59
Roebourne,AU,1587491959,29.25,54,67,5.9,-20.78,117.13
Fairbanks,US,1587491959,3.89,100,90,0.87,64.84,-147.72
Gribanovskiy,RU,1587491959,4.44,90,100,1.79,51.46,41.98
Shelburne,CA,1587491959,2.0,51,75,11.3,44.08,-80.2
Denpasar,ID,1587491685,28.0,94,20,2.1,-8.65,115.22
Hasaki,JP,1587491960,12.0,93,75,2.1,35.73,140.83
Bollnäs,SE,1587491960,13.01,50,14,1.95,61.35,16.39
Lorengau,PG,1587491910,28.13,72,84,1.43,-2.02,147.27
Panama City,PA,1587491960,31.67,66,20,4.6,8.99,-79.52
George Town,MY,1587491771,27.78,94,40,2.1,5.41,100.34
Ubari,LY,1587491960,26.75,14,0,4.23,26.59,12.78
Yar-Sale,RU,1587491960,0.64,95,100,4.78,66.83,70.83
Havøysund,NO,1587491960,4.0,64,40,15.4,71.0,24.66
Isangel,VU,1587491961,25.98,85,99,3.58,-19.55,169.27
Tashtagol,RU,1587491961,8.64,49,47,1.4,52.77,87.89
Sambava,MG,1587491961,23.68,86,81,2.88,-14.27,50.17
Mandera,KE,1587491961,30.0,12,97,3.96,3.94,41.87
Ancud,CL,1587491961,11.0,71,40,4.1,-41.87,-73.82
Manta,EC,1587491961,29.0,70,40,3.1,-0.95,-80.73
Tura,IN,1587491961,18.65,79,99,1.53,25.52,90.22
Tuatapere,NZ,1587491961,10.0,91,74,0.45,-46.13,167.68
Otradnoye,RU,1587491962,8.89,61,99,2.0,59.78,30.82
George Town,MY,1587491962,27.78,94,40,2.1,5.41,100.34
Rio Grande,BR,1587491907,31.0,35,30,4.1,-32.03,-52.1
Bariadi,TZ,1587491951,19.17,63,100,0.62,-2.8,33.98
Marzuq,YE,1587491962,24.06,41,100,1.28,14.4,46.47
Kavaratti,IN,1587491962,30.3,70,61,3.94,10.57,72.64
Touros,BR,1587491962,26.0,94,75,3.1,-5.2,-35.46
Noumea,NC,1587491840,24.44,94,19,0.5,-22.28,166.46
Lavrentiya,RU,1587491962,-13.92,90,11,2.72,65.58,-171.0
Derzhavīnsk,KZ,1587491963,18.12,32,78,2.49,51.1,66.32
Bredasdorp,ZA,1587491963,15.0,67,1,2.6,-34.53,20.04
Montepuez,MZ,1587491963,21.09,71,6,1.76,-13.13,39.0
Tuktoyaktuk,CA,1587491963,-14.0,77,75,8.2,69.45,-133.04
River Falls,US,1587491963,7.22,30,1,3.6,44.86,-92.62
Thompson,CA,1587491963,-4.0,35,75,3.1,55.74,-97.86
Mount Isa,AU,1587491963,26.0,14,31,4.1,-20.73,139.5
Hithadhoo,MV,1587491955,29.42,74,100,3.57,-0.6,73.08
Budhlāda,IN,1587491964,26.98,29,3,2.07,29.93,75.57
Mineiros,BR,1587491964,25.67,58,59,2.31,-17.57,-52.55
Price,US,1587491961,13.0,37,90,2.6,39.6,-110.81
Puerto Baquerizo Moreno,EC,1587491964,30.0,66,20,6.2,-0.9,-89.6
Aykhal,RU,1587491964,-1.0,58,56,2.0,66.0,111.5
Shimoda,JP,1587491964,11.67,49,47,1.34,34.67,138.95
Seoul,KR,1587491668,7.0,39,20,7.98,37.57,126.98
Kota Belud,MY,1587491964,27.78,88,20,1.0,6.35,116.43
Kahului,US,1587491965,24.0,83,20,2.1,20.89,-156.47
Lüderitz,NA,1587491965,17.0,72,93,7.7,-26.65,15.16
Pierre,US,1587491682,18.0,34,1,6.2,44.37,-100.35
Fonte Boa,BR,1587491965,29.52,61,81,1.56,-2.5,-66.27
Iisalmi,FI,1587491965,8.0,52,20,4.6,63.56,27.19
Havelock,US,1587491965,23.33,53,40,9.8,34.88,-76.9
Panabá,MX,1587491965,35.67,36,24,4.16,21.28,-88.27
Trzebiatów,PL,1587491966,10.56,64,0,6.73,54.06,15.26
Port Hardy,CA,1587491966,11.0,66,75,4.6,50.7,-127.42
Lujiang,CN,1587491966,14.44,81,97,1.0,31.26,117.28
Paamiut,GL,1587491966,1.92,80,88,3.22,61.99,-49.67
Salmās,IR,1587491966,15.0,51,90,3.1,38.2,44.77
Longyearbyen,SJ,1587491966,-4.0,53,0,5.7,78.22,15.64
Victoria Falls,ZW,1587491966,17.95,28,0,1.02,-17.92,25.84
Gravdal,NO,1587491966,6.0,87,75,1.0,68.12,13.5
Nantucket,US,1587491814,10.0,57,40,10.8,41.28,-70.1
Asău,RO,1587491967,9.0,36,64,2.6,46.43,26.4
Ust'-Charyshskaya Pristan',RU,1587491967,12.84,48,93,2.91,52.39,83.66
Boa Vista,BR,1587491755,32.0,52,75,3.6,2.82,-60.67
Birnin Kebbi,NG,1587491967,37.11,20,98,1.42,12.45,4.2
Saint-Philippe,RE,1587491967,23.0,73,20,3.6,-21.36,55.77
Llangefni,GB,1587491967,18.0,39,5,8.7,53.26,-4.31
Puerto Carreño,CO,1587491689,33.0,49,40,3.1,6.19,-67.49
Hamilton,US,1587491725,13.33,32,20,6.7,39.18,-84.53
Mozarlândia,BR,1587491968,30.04,56,21,0.75,-14.74,-50.57
Ville-Marie,CA,1587491968,-4.0,62,90,8.7,47.33,-79.43
Soma,TR,1587491968,11.0,76,75,5.1,39.19,27.61
Ilulissat,GL,1587491917,2.0,69,20,1.5,69.22,-51.1
Torata,PE,1587491968,20.87,18,4,4.02,-17.08,-70.84
Quzhou,CN,1587491968,10.93,88,100,3.48,28.96,118.87
Lesozavodsk,RU,1587491969,-0.24,97,100,5.62,45.48,133.42
Iskateley,RU,1587491969,-6.23,96,39,3.81,67.68,53.15
Swan Hill,AU,1587491969,13.77,70,20,3.01,-35.34,143.55
Concepción,CL,1587491726,19.0,42,100,4.1,-36.83,-73.05
Siavonga,ZM,1587491969,21.53,44,0,0.66,-16.54,28.71
Yabēlo,ET,1587491969,17.11,56,89,0.84,4.88,38.08
Cauquenes,CL,1587491969,26.61,16,100,2.19,-35.97,-72.32
Smithers,CA,1587491969,7.0,46,90,1.0,54.78,-127.17
Kamiiso,JP,1587491970,3.48,82,74,4.13,41.82,140.65
Vanimo,PG,1587491879,26.28,83,59,2.22,-2.67,141.3
Luanda,AO,1587491846,26.0,83,75,1.0,-8.84,13.23
Sola,VU,1587491970,27.58,74,67,1.11,-13.88,167.55
Harper,LR,1587491970,28.71,74,45,2.63,4.38,-7.72
Jardim,BR,1587491970,32.34,30,0,1.31,-21.48,-56.14
Klaksvík,FO,1587491700,10.0,61,73,6.7,62.23,-6.59
Campo Grande,BR,1587491695,30.0,42,40,2.1,-20.44,-54.65
Kasulu,TZ,1587491970,23.0,88,75,1.23,-4.58,30.1
Geraldton,AU,1587491971,14.0,93,48,3.6,-28.77,114.6
Esperance,AU,1587491971,15.0,82,4,4.6,-33.87,121.9
Samarai,PG,1587491971,26.89,83,98,5.66,-10.62,150.67
Cametá,BR,1587491971,29.23,68,98,1.89,-2.24,-49.5
Erdaojiang,CN,1587491971,-1.38,85,99,4.62,41.78,126.03
Nouakchott,MR,1587491971,32.0,19,0,7.2,18.09,-15.98
Salina Cruz,MX,1587491972,31.38,59,40,3.4,16.17,-95.2
Tsimmerbude,RU,1587491972,6.0,87,20,3.0,54.67,20.13
Boyolangu,ID,1587491972,25.14,85,80,1.74,-8.12,111.89
Thinadhoo,MV,1587491940,29.21,75,100,3.81,0.53,72.93
Broken Hill,AU,1587491972,13.0,43,0,3.1,-31.95,141.43
Goba,ET,1587491972,12.32,44,97,1.52,7.02,39.98
Rundu,NA,1587491733,24.0,36,7,1.5,-17.93,19.77
Saint George,US,1587491972,12.22,87,90,2.1,37.1,-113.58
Lagoa,PT,1587491972,16.19,72,41,6.57,39.05,-27.98
Nohar,IN,1587491973,29.4,25,26,2.41,29.18,74.77
Berdigestyakh,RU,1587491973,-8.47,93,9,1.54,62.1,126.7
Shenjiamen,CN,1587491973,9.75,78,100,2.39,29.96,122.3
Karpogory,RU,1587491973,-0.21,96,51,4.02,64.0,44.45
Saint-Pierre,RE,1587491973,23.0,73,20,3.6,-21.34,55.48
Wajima,JP,1587491973,8.73,79,71,11.36,37.4,136.9
Markala,ML,1587491974,38.77,14,14,2.58,13.7,-6.07
Chingirlau,KZ,1587491974,8.77,62,96,3.35,51.09,54.08
Brodnica,PL,1587491906,8.33,65,32,2.68,53.26,19.4
Chenzhou,CN,1587491974,13.88,85,99,1.91,25.8,113.03
Nabīnagar,BD,1587491974,25.0,73,75,2.1,23.89,90.97
Kasongo-Lunda,CD,1587491974,21.97,73,100,0.8,-6.47,16.82
Dhidhdhoo,MV,1587491974,30.01,72,100,3.99,6.88,73.1
Dingle,PH,1587491974,26.88,80,40,2.94,11.0,122.67
Monte Patria,CL,1587491974,29.56,24,77,3.66,-30.69,-70.95
Hobyo,SO,1587491975,29.46,69,72,4.35,5.35,48.53
Tabou,CI,1587491975,28.6,75,36,2.85,4.42,-7.35
Sørland,NO,1587491975,6.0,87,75,1.0,67.67,12.69
Warrnambool,AU,1587491975,13.33,93,41,5.46,-38.38,142.48
Taoudenni,ML,1587491975,34.48,10,0,4.16,22.68,-3.98
San Quintín,MX,1587491975,18.32,57,14,11.27,30.48,-115.95
Morwell,AU,1587491934,10.56,92,16,2.62,-38.23,146.4
Pasco,US,1587491975,30.0,37,1,5.7,28.29,-82.42
Kloulklubed,PW,1587491975,25.0,94,90,5.05,7.04,134.26
Padang,ID,1587491976,26.58,78,100,1.77,-0.95,100.35
Port Lincoln,AU,1587491976,15.5,84,3,1.5,-34.73,135.87
Bunia,CD,1587491976,19.61,59,93,0.93,1.57,30.25
‘Āhuimanu,US,1587491976,24.0,73,20,2.29,21.44,-157.84
Toamasina,MG,1587491976,22.0,94,75,2.1,-18.17,49.38
Sabha,LY,1587491976,27.24,13,0,3.6,27.04,14.43
El Alto,PE,1587491976,28.0,58,61,6.2,-4.27,-81.21
Deputatsky,RU,1587491977,-12.06,91,99,0.49,69.3,139.9
Santa Cruz de la Sierra,BO,1587491681,34.0,44,40,6.2,-17.8,-63.17
Maputo,MZ,1587491977,21.61,82,8,3.05,-25.97,32.59
Polychrono,GR,1587491977,12.22,92,100,5.07,40.02,23.53
São João da Barra,BR,1587491977,28.0,54,40,3.1,-21.64,-41.05
Broome,US,1587491824,7.78,48,75,8.2,42.25,-75.83
Al Bardīyah,LY,1587491977,22.3,46,0,4.55,31.76,25.09
Kokopo,PG,1587491977,26.07,77,98,1.29,-4.35,152.26
Fryšták,CZ,1587491978,12.78,40,2,4.02,49.29,17.68
Belaya Gora,RU,1587491978,-8.49,96,96,1.67,68.53,146.42
Te Anau,NZ,1587491978,9.22,78,67,0.65,-45.42,167.72
Saryg-Sep,RU,1587491978,4.46,43,0,1.31,51.5,95.6
Orissaare,EE,1587491921,11.11,50,2,5.7,58.56,23.08
Serra Branca,BR,1587491978,28.7,59,36,2.2,-6.53,-38.27
Mango,US,1587491978,30.56,51,40,1.5,27.98,-82.31
Vila,PT,1587491978,15.0,73,86,1.34,42.03,-8.16
Meadow Lake,US,1587491909,19.0,19,1,2.1,34.8,-106.54
Batemans Bay,AU,1587491979,8.33,100,0,2.52,-35.72,150.18
Karratha,AU,1587491979,28.84,57,64,6.09,-20.74,116.85
Panzhihua,CN,1587491979,20.07,28,89,1.14,26.59,101.71
Berlevåg,NO,1587491979,4.0,69,76,21.6,70.86,29.09
Chengalpattu,IN,1587491979,30.0,74,20,4.1,12.7,79.98
Alugan,PH,1587491979,27.04,81,32,3.67,12.22,125.48
Santa Adélia,BR,1587491979,26.51,49,1,1.48,-21.24,-48.8
Matara,LK,1587491980,26.81,86,100,1.96,5.95,80.54
Pendleton,US,1587491980,16.67,44,1,7.2,45.67,-118.79
Vermilion,US,1587491980,11.11,29,1,9.8,40.17,-87.75
Khuchni,RU,1587491980,5.78,53,100,0.71,41.95,47.95
Guánica,PR,1587491980,31.11,58,7,3.58,17.97,-66.91
San Juan,AR,1587491770,23.83,29,90,4.1,-31.54,-68.54
Nara,JP,1587491857,14.44,25,47,6.33,34.69,135.8
Tuluá,CO,1587491938,29.0,58,75,2.6,4.08,-76.2
Leningradskiy,RU,1587491981,-14.26,88,71,2.51,69.38,178.42
Gurupá,BR,1587491981,26.33,85,99,0.47,-1.41,-51.64
Forsytheganj,BY,1587491981,5.26,69,70,3.22,52.63,29.73
Katsuura,JP,1587491981,17.78,82,75,4.1,35.13,140.3
Mocuba,MZ,1587491981,20.21,92,1,0.77,-16.84,36.99
Castelldefels,ES,1587491981,15.0,93,75,11.8,41.28,1.97
Olafsvik,IS,1587491981,6.05,92,100,5.36,64.89,-23.71
Durham,US,1587491941,22.22,56,75,5.1,36.03,-78.87
Aquiraz,BR,1587491982,26.0,88,40,2.6,-3.9,-38.39
Pevek,RU,1587491982,-13.59,95,100,2.78,69.7,170.31
Nelson Bay,AU,1587491982,17.78,67,19,5.1,-32.72,152.15
Tezu,IN,1587491982,21.23,61,100,1.85,27.92,96.17
High Level,CA,1587491982,4.0,69,75,2.26,58.52,-117.14
Aksu,CN,1587491982,17.01,32,95,2.52,41.12,80.26
Nizhnyaya Poyma,RU,1587491982,2.8,64,28,2.57,56.16,97.19
Saldanha,ZA,1587491983,17.0,55,0,4.6,-33.01,17.94
Medvedka,RU,1587491983,0.88,90,79,2.28,61.16,46.39
Inhambane,MZ,1587491983,24.0,88,40,4.57,-23.86,35.38
Kupang,ID,1587491983,27.5,79,2,6.43,-10.17,123.58
Husavik,IS,1587491983,14.0,80,22,7.7,66.04,-17.34
Pacific Grove,US,1587491858,14.0,67,90,3.6,36.62,-121.92
Jalu,LY,1587491984,27.46,25,0,6.19,29.03,21.55
Bonthe,SL,1587491984,28.74,75,56,4.3,7.53,-12.51
Tekkali,IN,1587491984,28.05,72,20,4.32,18.62,84.23
Port Macquarie,AU,1587491984,16.11,88,61,2.75,-31.43,152.92
Carutapera,BR,1587491984,28.35,80,95,3.72,-1.2,-46.02
Hammerfest,NO,1587491718,3.0,69,17,22.1,70.66,23.68
Kruisfontein,ZA,1587491984,16.0,73,99,1.15,-34.0,24.73
Río Gallegos,AR,1587491984,13.0,35,20,6.7,-51.62,-69.22
Cidreira,BR,1587491930,24.58,57,0,3.53,-30.18,-50.21
Verkhnyaya Toyma,RU,1587491985,0.99,91,98,2.43,62.23,45.0
Kenora,CA,1587491870,-4.0,38,40,0.79,49.82,-94.43
Nhulunbuy,AU,1587491985,27.5,78,1,4.67,-12.23,136.77
Cabo San Lucas,MX,1587491985,28.33,36,40,2.1,22.89,-109.91
Bethel,US,1587491985,10.0,87,90,3.6,41.37,-73.41
Minsk,BY,1587491800,9.0,49,95,2.0,53.9,27.57
Bilibino,RU,1587491985,-17.82,88,90,0.47,68.05,166.44
Malbork,PL,1587491985,8.33,100,0,3.42,54.04,19.03
Eyl,SO,1587491986,28.65,69,91,3.89,7.98,49.82
Avera,US,1587491986,25.56,33,1,6.7,33.19,-82.53
Kirakira,SB,1587491986,26.28,81,53,1.57,-10.45,161.92
Kalmunai,LK,1587491986,28.48,77,99,2.1,7.42,81.82
Flinders,AU,1587491986,16.67,67,0,0.89,-34.58,150.86
Meulaboh,ID,1587491986,27.25,80,99,0.82,4.14,96.13
Biak,ID,1587491986,27.37,73,39,2.28,-0.91,122.88
Kulu,TR,1587491986,10.2,64,98,0.66,39.1,33.08
Dumai,ID,1587491986,25.93,86,95,1.1,1.68,101.45
Sangar,RU,1587491987,-6.67,95,98,1.16,63.92,127.47
Starkville,US,1587491987,24.0,31,1,3.1,33.45,-88.82
Jashpurnagar,IN,1587491987,22.19,46,44,2.67,22.9,84.15
Kapit,MY,1587491987,24.49,94,100,1.19,2.02,112.93
Nátaga,CO,1587491987,26.28,31,40,1.4,2.54,-75.81
Vila Franca do Campo,PT,1587491957,18.0,77,20,6.2,37.72,-25.43
Ignalina,LT,1587491987,6.5,80,63,1.86,55.35,26.17
Chunoyar,RU,1587491987,3.03,66,39,2.51,57.45,97.32
Teya,RU,1587491988,6.07,56,90,5.04,60.38,92.63
Iqaluit,CA,1587491907,-15.0,65,75,9.8,63.75,-68.51
Marshfield,US,1587491988,5.56,37,1,8.7,44.67,-90.17
Binzhou,CN,1587491988,9.44,39,1,0.89,37.37,118.02
Sonoma,US,1587491988,19.44,69,5,1.62,38.55,-122.9
Turukhansk,RU,1587491988,1.39,87,100,3.21,65.82,87.98
Narsaq,GL,1587491988,10.0,39,40,13.9,60.92,-46.05
Codrington,AU,1587491988,13.18,85,49,4.66,-38.27,141.97
Camacupa,AO,1587491989,17.64,57,28,1.23,-12.02,17.48
Tahe,CN,1587491989,-5.83,92,99,4.62,52.33,124.73
Beringovskiy,RU,1587491989,-13.52,93,8,4.4,63.05,179.32
Indian Head,US,1587491989,20.0,34,40,5.1,38.6,-77.16
Heilbron,ZA,1587491989,16.27,18,1,4.41,-27.28,27.97
Dakar,SN,1587491810,24.0,69,2,7.2,14.69,-17.44
Bac Lieu,VN,1587491989,28.0,79,91,2.81,9.29,105.72
Juruti,BR,1587491990,28.21,81,49,2.07,-2.15,-56.09
Sabang,ID,1587491990,29.07,76,61,3.93,5.89,95.32
Cap Malheureux,MU,1587491990,24.44,76,23,2.68,-19.98,57.61
Matagami,CA,1587491990,-2.0,92,90,5.7,49.75,-77.63
Khani,GE,1587491990,10.0,100,90,1.0,41.96,42.96
Lieksa,FI,1587491990,3.72,75,68,4.56,63.32,30.02
Srīvardhan,IN,1587491990,26.75,58,18,2.31,18.03,73.02
Krutinka,RU,1587491991,9.14,75,74,3.66,56.01,71.51
Grindavik,IS,1587491991,8.0,100,90,8.2,63.84,-22.43
Pedreiras,BR,1587491991,30.43,66,90,1.53,-4.57,-44.6
Bako,ET,1587491991,19.56,55,96,1.56,5.78,36.57
Lompoc,US,1587491765,20.0,59,1,4.1,34.64,-120.46
Newcastle,AU,1587491991,18.89,67,9,5.1,-32.93,151.78
Yago,MX,1587491992,26.0,47,5,3.37,21.83,-105.07
Kaura Namoda,NG,1587491992,34.58,24,100,2.01,12.59,6.58
Kasama,ZM,1587491992,16.77,64,16,1.77,-10.21,31.18
Artyom,AZ,1587491992,10.0,71,86,9.3,40.47,50.33
Ust'-Shonosha,RU,1587491992,0.92,88,82,3.69,61.15,41.34
Christchurch,NZ,1587491729,11.67,93,43,2.1,-43.53,172.63
Valparaíso,CL,1587491993,19.0,72,100,3.1,-33.04,-71.63
Āsosa,ET,1587491993,23.33,12,17,2.69,10.07,34.53
San Luis,AR,1587491993,25.93,31,98,3.26,-33.3,-66.34
Yangambi,CD,1587491993,23.98,72,55,0.68,0.81,24.43
Arrondissement de Tarbes,FR,1587491993,12.0,93,90,5.1,43.25,0.17
Lebu,CL,1587491993,17.88,37,99,5.0,-37.62,-73.65
Bonfim,BR,1587491993,28.39,66,98,4.45,3.08,-59.95
Kashgar,CN,1587491993,14.0,58,52,1.0,39.45,75.98
Saquena,PE,1587491994,35.16,35,50,0.69,-4.67,-73.52
Yulara,AU,1587491994,21.0,46,36,2.6,-25.24,130.99
Bhavnagar,IN,1587491901,29.55,50,9,3.88,21.77,72.15
Nevel'sk,RU,1587491994,2.21,84,100,9.92,46.67,141.86
Sanandij,IR,1587491994,12.86,35,8,2.01,35.31,46.99
Mataram,ID,1587491989,25.0,100,20,1.49,-8.58,116.12
Bubaque,GW,1587491994,26.33,68,0,7.0,11.28,-15.83
Ngara,TZ,1587491824,14.37,62,94,0.2,-2.51,30.66
Nānākuli,US,1587491995,22.0,100,1,2.15,21.39,-158.15
Itamaracá,BR,1587491995,29.0,74,40,3.6,-7.75,-34.83
Tazovsky,RU,1587491995,1.46,98,100,6.23,67.47,78.7
Russell,US,1587491995,25.56,41,20,6.7,32.35,-85.2
Xinzhi,CN,1587491996,8.55,30,67,3.26,36.5,111.7
Vila do Maio,CV,1587491996,28.0,48,0,9.3,15.13,-23.22
Karbinci,MK,1587491996,9.0,93,90,1.5,41.82,22.24
Talā,EG,1587491996,21.23,40,0,5.38,30.68,30.94
Marabu,MY,1587491996,27.0,94,75,3.1,4.41,114.01
Vardø,NO,1587491996,2.0,69,20,13.9,70.37,31.11
Palora,EC,1587491996,29.0,54,75,1.5,-1.7,-77.93
Cinisi,IT,1587491997,17.22,88,40,7.7,38.16,13.11
Gādarwāra,IN,1587491997,28.22,24,11,2.01,22.92,78.78
Indore,IN,1587491997,28.61,22,22,3.78,22.72,75.83
Huarmey,PE,1587491997,26.37,56,46,4.34,-10.07,-78.15
Alta Floresta,BR,1587491997,29.07,72,45,0.64,-9.88,-56.09
Sandwick,GB,1587491997,11.0,76,20,6.2,60.0,-1.25
Margate,GB,1587491997,13.33,70,0,10.78,51.38,1.39
Bukachacha,RU,1587491998,-7.79,82,15,1.6,52.98,116.92
Poum,NC,1587491998,25.16,79,0,6.02,-20.23,164.02
Kulachi,PK,1587491998,27.9,30,13,1.62,31.93,70.46
Almuñécar,ES,1587491998,13.33,89,68,7.06,36.73,-3.69
Abhā,SA,1587491998,18.0,72,40,5.1,18.22,42.51
Marsá Maţrūḩ,EG,1587491998,22.0,49,0,5.1,31.35,27.25
Rivera,UY,1587491969,29.7,28,6,1.7,-30.91,-55.55
Olinda,BR,1587491998,29.0,74,40,3.6,-8.01,-34.86
Khandyga,RU,1587491999,-11.91,92,84,1.06,62.67,135.6
Juneau,US,1587491700,6.0,87,90,6.2,58.3,-134.42
Tanta,EG,1587491999,19.91,43,0,4.58,30.79,31.0
Lerwick,GB,1587491825,11.0,76,20,6.2,60.15,-1.15
Mastic Beach,US,1587491847,11.11,71,90,7.2,40.77,-72.85
Tiznit Province,MA,1587491955,13.15,52,13,7.58,29.58,-9.5
Limbang,MY,1587492000,28.0,88,75,1.5,4.75,115.0
Pizhma,RU,1587492000,4.89,79,100,6.17,57.86,47.12
Buala,SB,1587492000,27.67,78,36,2.44,-8.14,159.59
Usinsk,RU,1587492000,-3.25,94,62,3.35,65.99,57.53
Rayong,TH,1587492000,30.56,82,13,2.9,12.83,101.43
Kaeo,NZ,1587492000,11.67,94,30,1.34,-35.1,173.78
Provideniya,RU,1587492001,-10.86,91,3,1.65,64.38,-173.3
Norwich,GB,1587491819,12.78,66,0,7.7,52.63,1.3
Zapatoca,CO,1587492001,24.0,73,75,2.1,6.82,-73.27
Sādāt,IN,1587492001,27.0,51,34,2.6,25.68,83.28
Kimberley,ZA,1587492002,19.0,77,78,1.5,-28.73,24.76
Yerbogachën,RU,1587492002,-1.56,94,99,2.54,61.28,108.01
Boddam,GB,1587492002,11.67,62,0,4.6,57.47,-1.78
Rutana Province,BI,1587491836,15.09,61,83,0.15,-3.87,30.1
Sibolga,ID,1587492003,25.93,78,89,0.84,1.74,98.78
Kuvshinovo,RU,1587492004,4.43,73,97,3.36,57.03,34.17
Bakel,SN,1587492004,41.0,8,0,2.74,14.9,-12.46
Ensenada,MX,1587491846,18.89,75,72,1.79,31.87,-116.62
Opunake,NZ,1587492005,7.78,87,17,1.34,-39.46,173.86
Mossamedes,AO,1587492005,24.56,78,2,4.22,-15.2,12.15
Manado,ID,1587492005,25.0,94,20,0.82,1.49,124.85
Baraguá,CU,1587492005,32.6,47,52,7.16,21.7,-78.63
Zyryanka,RU,1587492005,-13.64,90,1,2.74,65.75,150.85
Chara,RU,1587492005,-8.14,78,17,1.73,56.91,118.26
Stade,DE,1587492006,16.0,36,0,6.7,53.6,9.48
Aras,ES,1587492006,12.0,87,90,3.6,42.56,-2.36
Voi,KE,1587492006,23.74,70,62,3.59,-3.39,38.56
Petropavlovsk-Kamchatskiy,RU,1587492006,-4.0,79,75,2.0,53.05,158.65
Jelenia Góra,PL,1587491720,10.56,52,0,4.68,50.9,15.73
Mogadishu,SO,1587492007,27.87,74,100,3.03,2.04,45.34
Irricana,CA,1587492007,17.22,23,20,5.1,51.32,-113.6
Santa Isabel Rio Negro,BR,1587492009,34.24,48,80,0.84,-0.41,-65.02
Bafoulabé,ML,1587492010,38.28,22,58,3.91,13.81,-10.83
Tazmalt,DZ,1587492010,17.0,77,40,6.7,36.39,4.4
Raja,SS,1587492010,31.59,18,62,0.05,8.46,25.68
San Mateo del Mar,MX,1587492010,30.44,62,22,3.73,16.2,-95.0
Andenes,NO,1587492010,4.0,76,5,1.5,69.31,16.12
Mehrān,IR,1587492010,17.0,55,75,4.1,33.12,46.16
Nueve de Julio,AR,1587492010,21.11,41,51,2.24,-35.44,-60.88
Otane,NZ,1587492011,3.33,93,25,1.31,-39.88,176.63
Kholodnyy,RU,1587492011,-16.85,82,65,0.72,62.72,147.95
Mayo,US,1587492011,20.0,52,1,6.2,38.89,-76.51
Port Hedland,AU,1587492011,27.0,78,12,3.6,-20.32,118.57
Ahipara,NZ,1587492011,15.04,86,5,2.04,-35.17,173.17
Tucumã,BR,1587491714,23.8,95,100,3.07,-0.18,-50.05
Korla,CN,1587492012,15.41,31,0,2.64,41.76,86.15
Gizo Government Station,SB,1587491907,27.02,79,69,1.87,-8.1,156.84
North Platte,US,1587491888,20.0,30,1,5.7,41.12,-100.77
Tūkrah,LY,1587492012,19.05,71,0,2.07,32.53,20.58
Maryville,US,1587492013,21.67,55,75,5.7,35.76,-83.97
Quthing,LS,1587492013,14.4,48,85,2.4,-30.4,27.7
Chimbote,PE,1587492013,24.85,62,59,5.13,-9.09,-78.58
Puerto Escondido,MX,1587491842,29.0,79,5,3.6,15.85,-97.07
Tomatlán,MX,1587492013,30.32,44,78,3.15,19.93,-105.25
Banning,US,1587492014,16.11,67,38,3.3,33.93,-116.88
Eyrarbakki,IS,1587492014,8.0,87,90,8.7,63.86,-21.15
Inta,RU,1587492014,-2.23,95,95,4.17,66.03,60.17
Grand Gaube,MU,1587492014,24.44,76,26,2.68,-20.01,57.66
Antofagasta,CL,1587492014,20.0,64,20,5.1,-23.65,-70.4
Kropotkin,RU,1587492014,5.87,62,41,3.08,45.44,40.58
Lianyuan,CN,1587492015,11.72,82,100,2.58,27.69,111.66
Bījār,IR,1587492015,11.27,34,45,3.4,35.87,47.61
Kailua,US,1587492015,24.0,73,20,2.97,21.4,-157.74
Ulaanbaatar,MN,1587492015,-14.0,46,0,1.0,47.91,106.88
Astoria,US,1587492015,11.67,87,75,3.1,46.19,-123.83
Reyes,BO,1587492016,34.82,35,80,0.88,-14.32,-67.38
Yakima,US,1587491940,18.33,29,1,6.2,46.47,-120.67
Jinxiang,CN,1587492016,25.0,81,97,4.62,22.86,115.7
Westport,US,1587491784,11.11,87,90,9.3,41.14,-73.36
Rovaniemi,FI,1587491928,3.0,47,21,3.6,66.5,25.72
Taltal,CL,1587492016,20.98,59,15,2.44,-25.4,-70.48
Komagane,JP,1587492017,8.89,89,44,1.69,35.73,137.94
Dalby,AU,1587492017,14.0,67,100,1.5,-27.18,151.27
Dashtavan,AM,1587492017,13.0,82,90,1.0,40.1,44.39
Pasinler,TR,1587492017,8.0,75,75,4.1,39.98,41.68
Ayagoz,KZ,1587492017,13.27,34,0,4.13,47.97,80.44
Sinnamary,GF,1587492018,26.87,83,89,6.57,5.38,-52.95
Kopervik,NO,1587492018,15.56,71,0,5.1,59.28,5.31
